technical_name, millesime, price, parker_rating
HAUT_MARBUZET, 1989, 53, 86
HAUT_MARBUZET, 1990, 60, 84
HAUT_MARBUZET, 1992, 28, 82
HAUT_MARBUZET, 1993, 30, 82
HAUT_MARBUZET, 1994, 28, 89
HAUT_MARBUZET, 1995, 39, 87
HAUT_MARBUZET, 1996, 41, 87
HAUT_MARBUZET, 1997, 41, 85
HAUT_MARBUZET, 1998, 36, 87
HAUT_MARBUZET, 1999, 42, 88
HAUT_MARBUZET, 2000, 42, 79
HAUT_MARBUZET, 2001, 36, 89
HAUT_MARBUZET, 2002, 36, 87
HAUT_MARBUZET, 2003, 38, 88
HAUT_MARBUZET, 2004, 30, 88
HAUT_MARBUZET, 2005, 48, 89
HAUT_MARBUZET, 2006, 36, 87
HAUT_MARBUZET, 2007, 34, 84
HAUT_MARBUZET, 2008, 34, 88
HAUT_MARBUZET, 2009, 46, 87
HAUT_MARBUZET, 2010, 36, 86
HAUT_MARBUZET, 2011, 29, 88
HAUT_MARBUZET, 2012, 31, 87
HAUT_MARBUZET, 2013, 22, 84
PAVIE, 1989, 132, 89
PAVIE, 1990, 140, 89
PAVIE, 1991, 54, 82
PAVIE, 1992, 78, 78
PAVIE, 1993, 79, 75
PAVIE, 1994, 98, 80
PAVIE, 1995, 108, 78
PAVIE, 1996, 117, 85
PAVIE, 1997, 111, 86
PAVIE, 1998, 180, 95
PAVIE, 1999, 186, 92
PAVIE, 2000, 400, 100
PAVIE, 2001, 198, 96
PAVIE, 2002, 183, 93
PAVIE, 2003, 205, 96
PAVIE, 2004, 167, 94
PAVIE, 2005, 298, 100
PAVIE, 2006, 188, 95
PAVIE, 2007, 169, 94
PAVIE, 2008, 181, 94
PAVIE, 2009, 301, 100
PAVIE, 2010, 326, 100
PAVIE, 2011, 166, 95
PAVIE, 2012, 230, 95
PETRUS, 1989, 3060, 100
PETRUS, 1990, 3000, 100
PETRUS, 1992, 1386, 90
PETRUS, 1993, 1440, 92
PETRUS, 1994, 1440, 93
PETRUS, 1995, 1680, 96
PETRUS, 1996, 1620, 92
PETRUS, 1997, 1410, 91
PETRUS, 1998, 2340, 98
PETRUS, 1999, 1590, 94
PETRUS, 2000, 3565, 100
PETRUS, 2001, 1840, 95
PETRUS, 2002, 1550, 90
PETRUS, 2003, 1800, 93
PETRUS, 2004, 1560, 93
PETRUS, 2005, 2610, 97
PETRUS, 2006, 1580, 96
PETRUS, 2007, 1520, 91
PETRUS, 2008, 1760, 97
PETRUS, 2009, 2760, 100
PETRUS, 2010, 2910, 100
PETRUS, 2011, 1710, 95
PETRUS, 2012, 1786, 96
PETRUS, 2013, 1620, 91
LEOVILLE_BARTON, 1989, 84, 90
LEOVILLE_BARTON, 1990, 105, 93
LEOVILLE_BARTON, 1991, 62, 87
LEOVILLE_BARTON, 1992, 52, 87
LEOVILLE_BARTON, 1993, 53, 88
LEOVILLE_BARTON, 1994, 52, 90
LEOVILLE_BARTON, 1995, 84, 91
LEOVILLE_BARTON, 1996, 87, 93
LEOVILLE_BARTON, 1997, 53, 86
LEOVILLE_BARTON, 1998, 65, 91
LEOVILLE_BARTON, 1999, 60, 88
LEOVILLE_BARTON, 2000, 100, 95
LEOVILLE_BARTON, 2001, 66, 92
LEOVILLE_BARTON, 2002, 60, 92
LEOVILLE_BARTON, 2003, 84, 96
LEOVILLE_BARTON, 2004, 59, 92
LEOVILLE_BARTON, 2005, 96, 92
LEOVILLE_BARTON, 2006, 60, 92
LEOVILLE_BARTON, 2007, 54, 89
LEOVILLE_BARTON, 2008, 57, 92
LEOVILLE_BARTON, 2009, 82, 93
LEOVILLE_BARTON, 2010, 99, 96
LEOVILLE_BARTON, 2011, 45, 88
LEOVILLE_BARTON, 2012, 51, 92
LEOVILLE_BARTON, 2013, 52, 90
LAFITE_ROTHSCHILD, 1989, 456, 90
LAFITE_ROTHSCHILD, 1990, 637, 96
LAFITE_ROTHSCHILD, 1991, 460, 86
LAFITE_ROTHSCHILD, 1992, 468, 89
LAFITE_ROTHSCHILD, 1993, 516, 88
LAFITE_ROTHSCHILD, 1994, 482, 90
LAFITE_ROTHSCHILD, 1995, 597, 95
LAFITE_ROTHSCHILD, 1996, 828, 98
LAFITE_ROTHSCHILD, 1997, 485, 92
LAFITE_ROTHSCHILD, 1998, 540, 98
LAFITE_ROTHSCHILD, 1999, 556, 95
LAFITE_ROTHSCHILD, 2000, 1231, 98
LAFITE_ROTHSCHILD, 2001, 519, 94
LAFITE_ROTHSCHILD, 2002, 468, 94
LAFITE_ROTHSCHILD, 2003, 750, 100
LAFITE_ROTHSCHILD, 2004, 454, 95
LAFITE_ROTHSCHILD, 2005, 696, 96
LAFITE_ROTHSCHILD, 2006, 540, 95
LAFITE_ROTHSCHILD, 2007, 483, 94
LAFITE_ROTHSCHILD, 2008, 540, 98
LAFITE_ROTHSCHILD, 2009, 780, 99
LAFITE_ROTHSCHILD, 2010, 700, 98
LAFITE_ROTHSCHILD, 2011, 464, 91
LAFITE_ROTHSCHILD, 2012, 462, 91
LAFITE_ROTHSCHILD, 2013, 464, 90
LATOUR, 1989, 360, 89
LATOUR, 1990, 528, 94
LATOUR, 1991, 291, 89
LATOUR, 1992, 288, 88
LATOUR, 1993, 312, 90
LATOUR, 1994, 348, 94
LATOUR, 1995, 429, 96
LATOUR, 1996, 558, 95
LATOUR, 1997, 339, 89
LATOUR, 1998, 372, 90
LATOUR, 1999, 384, 93
LATOUR, 2000, 873, 99
LATOUR, 2001, 368, 95
LATOUR, 2002, 342, 94
LATOUR, 2003, 660, 100
LATOUR, 2004, 384, 95
LATOUR, 2005, 702, 98
LATOUR, 2006, 430, 94
LATOUR, 2007, 360, 92
LATOUR, 2008, 420, 96
LATOUR, 2009, 1020, 100
LATOUR, 2010, 1200, 100
LATOUR, 2011, 492, 94
MOUTON_ROTHSCHILD, 1989, 372, 90
MOUTON_ROTHSCHILD, 1990, 333, 84
MOUTON_ROTHSCHILD, 1991, 314, 86
MOUTON_ROTHSCHILD, 1992, 294, 88
MOUTON_ROTHSCHILD, 1993, 360, 90
MOUTON_ROTHSCHILD, 1994, 316, 91
MOUTON_ROTHSCHILD, 1995, 384, 95
MOUTON_ROTHSCHILD, 1996, 408, 94
MOUTON_ROTHSCHILD, 1997, 348, 90
MOUTON_ROTHSCHILD, 1998, 372, 89
MOUTON_ROTHSCHILD, 1999, 384, 93
MOUTON_ROTHSCHILD, 2000, 1440, 96
MOUTON_ROTHSCHILD, 2001, 359, 89
MOUTON_ROTHSCHILD, 2002, 321, 93
MOUTON_ROTHSCHILD, 2003, 372, 91
MOUTON_ROTHSCHILD, 2004, 348, 90
MOUTON_ROTHSCHILD, 2005, 540, 97
MOUTON_ROTHSCHILD, 2006, 416, 97
MOUTON_ROTHSCHILD, 2007, 336, 88
MOUTON_ROTHSCHILD, 2008, 456, 94
MOUTON_ROTHSCHILD, 2009, 743, 99
MOUTON_ROTHSCHILD, 2010, 589, 97
MOUTON_ROTHSCHILD, 2011, 328, 92
MOUTON_ROTHSCHILD, 2012, 319, 96
MARGAUX, 1989, 318, 90
MARGAUX, 1990, 780, 100
MARGAUX, 1991, 290, 88
MARGAUX, 1992, 264, 87
MARGAUX, 1993, 298, 88
MARGAUX, 1994, 288, 91
MARGAUX, 1995, 384, 95
MARGAUX, 1996, 516, 100
MARGAUX, 1997, 300, 90
MARGAUX, 1998, 330, 91
MARGAUX, 1999, 356, 95
MARGAUX, 2000, 765, 100
MARGAUX, 2001, 324, 94
MARGAUX, 2002, 293, 93
MARGAUX, 2003, 400, 98
MARGAUX, 2004, 360, 93
MARGAUX, 2005, 653, 98
MARGAUX, 2006, 336, 94
MARGAUX, 2007, 338, 92
MARGAUX, 2008, 348, 94
MARGAUX, 2009, 694, 99
MARGAUX, 2010, 744, 99
MARGAUX, 2011, 296, 93
MARGAUX, 2012, 342, 96
HAUT_BRION, 1989, 783, 100
HAUT_BRION, 1992, 404, 93
HAUT_BRION, 1993, 374, 94
HAUT_BRION, 1994, 414, 95
HAUT_BRION, 1995, 445, 92
HAUT_BRION, 1996, 216, 93
HAUT_BRION, 1997, 394, 96
HAUT_BRION, 1998, 502, 96
HAUT_BRION, 1999, 281, 92
HAUT_BRION, 2000, 414, 90
HAUT_BRION, 2001, 250, 93
HAUT_BRION, 2002, 242, 92
HAUT_BRION, 2003, 286, 97
HAUT_BRION, 2004, 417, 94
HAUT_BRION, 2005, 650, 95
HAUT_BRION, 2006, 427, 95
HAUT_BRION, 2007, 477, 95
HAUT_BRION, 2008, 468, 94
HAUT_BRION, 2009, 677, 98
HAUT_BRION, 2010, 892, 98
HAUT_BRION, 2011, 684, 95
HAUT_BRION, 2012, 331, 96
LONGUEVILLE_BARON, 1989, 192, 95
LONGUEVILLE_BARON, 1990, 217, 97
LONGUEVILLE_BARON, 1991, 64, 86
LONGUEVILLE_BARON, 1992, 61, 89
LONGUEVILLE_BARON, 1993, 52, 84
LONGUEVILLE_BARON, 1994, 67, 88
LONGUEVILLE_BARON, 1995, 96, 90
LONGUEVILLE_BARON, 1996, 114, 94
LONGUEVILLE_BARON, 1997, 65, 86
LONGUEVILLE_BARON, 1998, 90, 90
LONGUEVILLE_BARON, 1999, 70, 89
LONGUEVILLE_BARON, 2000, 144, 97
LONGUEVILLE_BARON, 2001, 91, 93
LONGUEVILLE_BARON, 2002, 73, 89
LONGUEVILLE_BARON, 2003, 108, 94
LONGUEVILLE_BARON, 2004, 93, 93
LONGUEVILLE_BARON, 2005, 108, 93
LONGUEVILLE_BARON, 2006, 89, 91
LONGUEVILLE_BARON, 2007, 72, 91
LONGUEVILLE_BARON, 2008, 96, 95
LONGUEVILLE_BARON, 2009, 156, 93
LONGUEVILLE_BARON, 2010, 164, 97
LONGUEVILLE_BARON, 2011, 72, 91
LONGUEVILLE_BARON, 2012, 84, 93
DUCRU_BEAUCAILLOU, 1989, 94, 86?
DUCRU_BEAUCAILLOU, 1990, 108, 89
DUCRU_BEAUCAILLOU, 1991, 66, 86
DUCRU_BEAUCAILLOU, 1992, 58, 87
DUCRU_BEAUCAILLOU, 1993, 67, 87
DUCRU_BEAUCAILLOU, 1994, 76, 90
DUCRU_BEAUCAILLOU, 1995, 136, 94
DUCRU_BEAUCAILLOU, 1996, 152, 93
DUCRU_BEAUCAILLOU, 1997, 70, 87
DUCRU_BEAUCAILLOU, 1998, 93, 91
DUCRU_BEAUCAILLOU, 1999, 78, 91
DUCRU_BEAUCAILLOU, 2000, 153, 95
DUCRU_BEAUCAILLOU, 2001, 96, 89
DUCRU_BEAUCAILLOU, 2002, 78, 89
DUCRU_BEAUCAILLOU, 2003, 109, 94
DUCRU_BEAUCAILLOU, 2004, 88, 93
DUCRU_BEAUCAILLOU, 2005, 189, 97
DUCRU_BEAUCAILLOU, 2006, 105, 94
DUCRU_BEAUCAILLOU, 2007, 84, 90
DUCRU_BEAUCAILLOU, 2008, 98, 95
DUCRU_BEAUCAILLOU, 2009, 265, 100
DUCRU_BEAUCAILLOU, 2010, 188, 98
DUCRU_BEAUCAILLOU, 2011, 88, 92
DUCRU_BEAUCAILLOU, 2012, 83, 92
LEOVILLE_LAS_CASES, 1989, 132, 91
LEOVILLE_LAS_CASES, 1990, 255, 96
LEOVILLE_LAS_CASES, 1991, 86, 89
LEOVILLE_LAS_CASES, 1992, 84, 89
LEOVILLE_LAS_CASES, 1993, 108, 90
LEOVILLE_LAS_CASES, 1994, 105, 93
LEOVILLE_LAS_CASES, 1995, 156, 95
LEOVILLE_LAS_CASES, 1996, 208, 98
LEOVILLE_LAS_CASES, 1997, 101, 90
LEOVILLE_LAS_CASES, 1998, 102, 93
LEOVILLE_LAS_CASES, 1999, 111, 91
LEOVILLE_LAS_CASES, 2000, 252, 98
LEOVILLE_LAS_CASES, 2001, 135, 93
LEOVILLE_LAS_CASES, 2002, 123, 95
LEOVILLE_LAS_CASES, 2003, 151, 96
LEOVILLE_LAS_CASES, 2004, 110, 93
LEOVILLE_LAS_CASES, 2005, 228, 97
LEOVILLE_LAS_CASES, 2006, 141, 96
LEOVILLE_LAS_CASES, 2007, 102, 91
LEOVILLE_LAS_CASES, 2008, 108, 93
LEOVILLE_LAS_CASES, 2009, 240, 98
LEOVILLE_LAS_CASES, 2010, 216, 96
LEOVILLE_LAS_CASES, 2011, 105, 93
LEOVILLE_LAS_CASES, 2012, 114, 93
DURFORT_VIVENS, 1989, 41, 86
DURFORT_VIVENS, 1995, 28, 83
DURFORT_VIVENS, 1996, 37, 84
DURFORT_VIVENS, 1998, 28, 86
DURFORT_VIVENS, 1999, 32, 86
DURFORT_VIVENS, 2000, 48, 88
DURFORT_VIVENS, 2007, 30, 88
DURFORT_VIVENS, 2009, 33, 89
DURFORT_VIVENS, 2010, 36, 87
DURFORT_VIVENS, 2011, 34, 84
DURFORT_VIVENS, 2012, 23, 83
LEOVILLE_POYFERRE, 1989, 90, 89
LEOVILLE_POYFERRE, 1990, 193, 97
LEOVILLE_POYFERRE, 1991, 58, 84
LEOVILLE_POYFERRE, 1992, 42, 79
LEOVILLE_POYFERRE, 1993, 51, 87
LEOVILLE_POYFERRE, 1994, 54, 87
LEOVILLE_POYFERRE, 1995, 90, 90
LEOVILLE_POYFERRE, 1996, 94, ?
LEOVILLE_POYFERRE, 1997, 67, 87
LEOVILLE_POYFERRE, 1998, 68, 88
LEOVILLE_POYFERRE, 1999, 60, 89
LEOVILLE_POYFERRE, 2000, 150, 97
LEOVILLE_POYFERRE, 2001, 60, 90
LEOVILLE_POYFERRE, 2002, 51, 90
LEOVILLE_POYFERRE, 2003, 105, 96
LEOVILLE_POYFERRE, 2004, 61, 93
LEOVILLE_POYFERRE, 2005, 94, 93
LEOVILLE_POYFERRE, 2006, 55, 92
LEOVILLE_POYFERRE, 2007, 54, 89
LEOVILLE_POYFERRE, 2008, 63, 94
LEOVILLE_POYFERRE, 2009, 228, 100
LEOVILLE_POYFERRE, 2010, 143, 98
LEOVILLE_POYFERRE, 2011, 60, 94
LEOVILLE_POYFERRE, 2012, 60, 92
LEOVILLE_POYFERRE, 2013, 48, 91
COS_ESTOURNEL, 1989, 110, 88
COS_ESTOURNEL, 1990, 168, 94
COS_ESTOURNEL, 1991, 66, 87
COS_ESTOURNEL, 1992, 57, 88
COS_ESTOURNEL, 1993, 66, 89
COS_ESTOURNEL, 1994, 78, 91
COS_ESTOURNEL, 1995, 132, 95
COS_ESTOURNEL, 1996, 122, 94
COS_ESTOURNEL, 1997, 71, 87
COS_ESTOURNEL, 1998, 92, 88
COS_ESTOURNEL, 1999, 92, 88
COS_ESTOURNEL, 2000, 144, 91
COS_ESTOURNEL, 2001, 111, 93
COS_ESTOURNEL, 2002, 96, 93
COS_ESTOURNEL, 2003, 132, 97
COS_ESTOURNEL, 2004, 80, 92
COS_ESTOURNEL, 2005, 177, 97
COS_ESTOURNEL, 2006, 105, 91
COS_ESTOURNEL, 2007, 73, 90
COS_ESTOURNEL, 2008, 90, 92
COS_ESTOURNEL, 2009, 303, 100
COS_ESTOURNEL, 2010, 200, 97
COS_ESTOURNEL, 2011, 114, 91
COS_ESTOURNEL, 2012, 102, 93
RAUZAN_SEGLA, 1989, 58, 90
RAUZAN_SEGLA, 1990, 132, 94
RAUZAN_SEGLA, 1991, 30, 87
RAUZAN_SEGLA, 1992, 34, 88
RAUZAN_SEGLA, 1993, 39, 87
RAUZAN_SEGLA, 1994, 45, 87
RAUZAN_SEGLA, 1995, 64, 90
RAUZAN_SEGLA, 1996, 72, 90
RAUZAN_SEGLA, 1997, 39, 79
RAUZAN_SEGLA, 1998, 53, 89
RAUZAN_SEGLA, 1999, 47, 88
RAUZAN_SEGLA, 2000, 91, 90
RAUZAN_SEGLA, 2001, 53, 89
RAUZAN_SEGLA, 2002, 37, 90
RAUZAN_SEGLA, 2003, 55, 91
RAUZAN_SEGLA, 2004, 44, 89
RAUZAN_SEGLA, 2005, 98, 94
RAUZAN_SEGLA, 2006, 66, 91
RAUZAN_SEGLA, 2007, 41, 89
RAUZAN_SEGLA, 2008, 45, 90
RAUZAN_SEGLA, 2009, 86, 93
RAUZAN_SEGLA, 2010, 96, 95
RAUZAN_SEGLA, 2011, 53, 93
RAUZAN_SEGLA, 2012, 47, 94
MONTROSE, 1989, 228, 98
MONTROSE, 1990, 424, 100
MONTROSE, 1991, 60, 88
MONTROSE, 1992, 36, 87
MONTROSE, 1993, 51, 87
MONTROSE, 1994, 72, 91
MONTROSE, 1995, 73, 93
MONTROSE, 1996, 98, 96
MONTROSE, 1997, 48, 87
MONTROSE, 1998, 78, 90
MONTROSE, 1999, 59, 90
MONTROSE, 2000, 132, 95
MONTROSE, 2001, 78, 91
MONTROSE, 2002, 62, 90
MONTROSE, 2003, 165, 99
MONTROSE, 2004, 72, 91
MONTROSE, 2005, 134, 94
MONTROSE, 2006, 75, 86
MONTROSE, 2007, 60, 91
MONTROSE, 2008, 85, 95
MONTROSE, 2009, 252, 100
MONTROSE, 2010, 244, 100
MONTROSE, 2011, 74, 89
MONTROSE, 2012, 74, 92
GRUAUD_LAROSE, 1989, 72, 89
GRUAUD_LAROSE, 1990, 108, 90
GRUAUD_LAROSE, 1991, 50, 85
GRUAUD_LAROSE, 1992, 50, 86
GRUAUD_LAROSE, 1993, 41, 86
GRUAUD_LAROSE, 1994, 44, 82
GRUAUD_LAROSE, 1995, 62, 89
GRUAUD_LAROSE, 1996, 66, 89
GRUAUD_LAROSE, 1997, 46, 87
GRUAUD_LAROSE, 1998, 55, 88
GRUAUD_LAROSE, 1999, 46, 89
GRUAUD_LAROSE, 2000, 96, 94
GRUAUD_LAROSE, 2001, 54, 90
GRUAUD_LAROSE, 2002, 44, 89
GRUAUD_LAROSE, 2003, 48, 88
GRUAUD_LAROSE, 2004, 55, 87?
GRUAUD_LAROSE, 2005, 81, 90
GRUAUD_LAROSE, 2006, 46, 88
GRUAUD_LAROSE, 2007, 46, 86
GRUAUD_LAROSE, 2008, 56, 90
GRUAUD_LAROSE, 2009, 93, 95
GRUAUD_LAROSE, 2010, 72, 93
GRUAUD_LAROSE, 2011, 43, 89
GRUAUD_LAROSE, 2012, 48, 89
ISSAN, 1989, 35, 83
ISSAN, 1990, 50, 85
ISSAN, 1993, 24, 73
ISSAN, 1994, 30, 84
ISSAN, 1995, 44, 87
ISSAN, 1996, 41, 88
ISSAN, 1997, 28, 86
ISSAN, 1998, 43, 87
ISSAN, 1999, 40, 89
ISSAN, 2000, 57, 93
ISSAN, 2001, 39, 89
ISSAN, 2002, 41, 89
ISSAN, 2003, 39, 90
ISSAN, 2004, 38, 91
ISSAN, 2005, 61, 96
ISSAN, 2006, 45, 93
ISSAN, 2007, 37, 88
ISSAN, 2008, 31, 92
ISSAN, 2009, 59, 93
ISSAN, 2010, 68, 95
ISSAN, 2011, 37, 88
ISSAN, 2012, 30, 95
GISCOURS, 1989, 51, 87
GISCOURS, 1990, 54, 78
GISCOURS, 1991, 38, 86
GISCOURS, 1992, 31, 86
GISCOURS, 1993, 34, 85
GISCOURS, 1994, 31, 85
GISCOURS, 1995, 48, 84
GISCOURS, 1996, 48, 81
GISCOURS, 1997, 33, 82
GISCOURS, 1998, 47, 86
GISCOURS, 1999, 39, 89
GISCOURS, 2000, 66, 90
GISCOURS, 2001, 49, 92
GISCOURS, 2002, 38, 91
GISCOURS, 2003, 49, 88
GISCOURS, 2004, 44, 91
GISCOURS, 2005, 78, 92
GISCOURS, 2006, 39, 90
GISCOURS, 2007, 41, 86
GISCOURS, 2008, 52, 91
GISCOURS, 2009, 72, 93
GISCOURS, 2010, 64, 93
GISCOURS, 2011, 35, 90
GISCOURS, 2012, 35, 89
KIRWAN, 1989, 35, 83
KIRWAN, 1990, 39, 78
KIRWAN, 1992, 29, 85
KIRWAN, 1993, 29, 85
KIRWAN, 1994, 37, 86
KIRWAN, 1995, 37, 85
KIRWAN, 1996, 39, 88
KIRWAN, 1997, 22, 87
KIRWAN, 1998, 34, 90
KIRWAN, 1999, 38, 89
KIRWAN, 2000, 72, 90
KIRWAN, 2001, 41, 90
KIRWAN, 2002, 26, 88
KIRWAN, 2003, 51, 92
KIRWAN, 2004, 35, 90
KIRWAN, 2005, 63, 90
KIRWAN, 2006, 45, 88
KIRWAN, 2007, 50, 87
KIRWAN, 2008, 44, 90
KIRWAN, 2009, 49, 92
KIRWAN, 2010, 40, 92
KIRWAN, 2011, 43, 89
KIRWAN, 2012, 36, 90
LAGRANGE, 1989, 59, 90
LAGRANGE, 1990, 93, 94
LAGRANGE, 1992, 32, 87
LAGRANGE, 1993, 31, 87
LAGRANGE, 1994, 38, 88
LAGRANGE, 1995, 50, 90
LAGRANGE, 1996, 58, 90
LAGRANGE, 1997, 31, 85
LAGRANGE, 1998, 40, 88
LAGRANGE, 1999, 46, 86
LAGRANGE, 2000, 68, 93
LAGRANGE, 2001, 39, 90
LAGRANGE, 2002, 36, 89
LAGRANGE, 2003, 42, 89
LAGRANGE, 2004, 37, 89
LAGRANGE, 2005, 52, 87
LAGRANGE, 2006, 43, 93
LAGRANGE, 2007, 39, 90
LAGRANGE, 2008, 39, 89
LAGRANGE, 2009, 47, 90
LAGRANGE, 2010, 48, 89
LAGRANGE, 2011, 33, 86
LAGRANGE, 2012, 30, 86
LAGRANGE, 2013, 27, 88
CALON_SEGUR, 1989, 87, 90
CALON_SEGUR, 1990, 84, 87
CALON_SEGUR, 1991, 50, 84
CALON_SEGUR, 1992, 50, 74
CALON_SEGUR, 1993, 42, 86
CALON_SEGUR, 1994, 48, 86
CALON_SEGUR, 1995, 87, 94
CALON_SEGUR, 1996, 69, 91
CALON_SEGUR, 1997, 46, 80
CALON_SEGUR, 1998, 64, 88
CALON_SEGUR, 1999, 60, 87
CALON_SEGUR, 2000, 78, 94
CALON_SEGUR, 2001, 54, 90
CALON_SEGUR, 2002, 60, 89
CALON_SEGUR, 2003, 72, 93
CALON_SEGUR, 2004, 57, 89
CALON_SEGUR, 2005, 90, 94
CALON_SEGUR, 2006, 64, 93
CALON_SEGUR, 2007, 62, 87
CALON_SEGUR, 2008, 60, 93
CALON_SEGUR, 2009, 82, 94
CALON_SEGUR, 2010, 82, 94
CALON_SEGUR, 2011, 52, 90
CALON_SEGUR, 2012, 58, 91
LA_LAGUNE, 1989, 48, 90
LA_LAGUNE, 1990, 66, 91
LA_LAGUNE, 1991, 34, 81
LA_LAGUNE, 1992, 28, 85
LA_LAGUNE, 1993, 36, 86
LA_LAGUNE, 1994, 31, 84
LA_LAGUNE, 1995, 41, 88
LA_LAGUNE, 1996, 52, 86
LA_LAGUNE, 1997, 45, 86
LA_LAGUNE, 1998, 56, 84
LA_LAGUNE, 1999, 34, 85
LA_LAGUNE, 2000, 67, 86
LA_LAGUNE, 2001, 52, 87
LA_LAGUNE, 2002, 40, 87
LA_LAGUNE, 2003, 48, 88
LA_LAGUNE, 2004, 48, 90
LA_LAGUNE, 2005, 61, 94
LA_LAGUNE, 2006, 37, 90
LA_LAGUNE, 2007, 33, 90
LA_LAGUNE, 2008, 44, 93
LA_LAGUNE, 2009, 62, 95
LA_LAGUNE, 2010, 53, 94
LA_LAGUNE, 2011, 41, 89
LA_LAGUNE, 2012, 45, 90
PALMER, 1989, 237, 96
PALMER, 1990, 192, 92
PALMER, 1991, 83, 87
PALMER, 1992, 97, 84
PALMER, 1993, 83, 92
PALMER, 1994, 102, 86
PALMER, 1995, 141, 90
PALMER, 1996, 144, 91
PALMER, 1997, 109, 87
PALMER, 1998, 152, 91
PALMER, 1999, 180, 94
PALMER, 2000, 216, 94
PALMER, 2001, 156, 90
PALMER, 2002, 128, 94
PALMER, 2003, 135, 88
PALMER, 2004, 138, 94
PALMER, 2005, 269, 97
PALMER, 2006, 134, 94
PALMER, 2007, 139, 89
PALMER, 2008, 138, 94
PALMER, 2009, 265, 97
PALMER, 2010, 228, 96
PALMER, 2011, 191, 96
PALMER, 2012, 186, 96
BRANAIRE_DUCRU, 1989, 67, 92
BRANAIRE_DUCRU, 1990, 54, 89
BRANAIRE_DUCRU, 1991, 40, 85
BRANAIRE_DUCRU, 1992, 27, 82
BRANAIRE_DUCRU, 1993, 34, 84
BRANAIRE_DUCRU, 1994, 30, 89
BRANAIRE_DUCRU, 1995, 55, 90
BRANAIRE_DUCRU, 1996, 60, 89
BRANAIRE_DUCRU, 1997, 32, 87
BRANAIRE_DUCRU, 1998, 54, 89
BRANAIRE_DUCRU, 1999, 40, 89
BRANAIRE_DUCRU, 2000, 72, 94
BRANAIRE_DUCRU, 2001, 54, 91
BRANAIRE_DUCRU, 2002, 38, 90
BRANAIRE_DUCRU, 2003, 54, 94
BRANAIRE_DUCRU, 2004, 46, 90
BRANAIRE_DUCRU, 2005, 72, 93
BRANAIRE_DUCRU, 2006, 38, 88
BRANAIRE_DUCRU, 2007, 38, 90
BRANAIRE_DUCRU, 2008, 49, 91
BRANAIRE_DUCRU, 2009, 75, 96
BRANAIRE_DUCRU, 2010, 70, 94
BRANAIRE_DUCRU, 2011, 36, 89
BRANAIRE_DUCRU, 2012, 34, 90
BRANAIRE_DUCRU, 2013, 40, 87
BEYCHEVELLE, 1989, 73, 89
BEYCHEVELLE, 1990, 78, 84
BEYCHEVELLE, 1991, 64, 85
BEYCHEVELLE, 1992, 46, 81
BEYCHEVELLE, 1993, 43, 82
BEYCHEVELLE, 1994, 45, 85
BEYCHEVELLE, 1995, 74, 85
BEYCHEVELLE, 1996, 76, 86
BEYCHEVELLE, 1997, 55, 78
BEYCHEVELLE, 1998, 59, 87
BEYCHEVELLE, 1999, 61, 86
BEYCHEVELLE, 2000, 93, 91
BEYCHEVELLE, 2001, 60, 88
BEYCHEVELLE, 2002, 56, 86
BEYCHEVELLE, 2003, 72, 92
BEYCHEVELLE, 2004, 60, 89
BEYCHEVELLE, 2005, 84, 93
BEYCHEVELLE, 2006, 66, 91
BEYCHEVELLE, 2007, 53, 89
BEYCHEVELLE, 2008, 62, 89
BEYCHEVELLE, 2009, 80, 93
BEYCHEVELLE, 2010, 89, 94
BEYCHEVELLE, 2011, 60, 87
BEYCHEVELLE, 2012, 56, 92
PONTET_CANET, 1989, 61, 88
PONTET_CANET, 1990, 70, 85
PONTET_CANET, 1991, 40, 84
PONTET_CANET, 1992, 42, 85
PONTET_CANET, 1993, 41, 86
PONTET_CANET, 1994, 70, 91
PONTET_CANET, 1995, 72, 92
PONTET_CANET, 1996, 75, 89
PONTET_CANET, 1997, 49, 85
PONTET_CANET, 1998, 60, 86
PONTET_CANET, 1999, 55, 90
PONTET_CANET, 2000, 98, 92
PONTET_CANET, 2001, 67, 89
PONTET_CANET, 2002, 57, 88
PONTET_CANET, 2003, 92, 95
PONTET_CANET, 2004, 78, 92
PONTET_CANET, 2005, 126, 97
PONTET_CANET, 2006, 75, 94
PONTET_CANET, 2007, 84, 90
PONTET_CANET, 2008, 90, 96
PONTET_CANET, 2009, 216, 100
PONTET_CANET, 2010, 198, 100
PONTET_CANET, 2011, 74, 93
PONTET_CANET, 2012, 78, 93
PONTET_CANET, 2013, 68, 91
GRAND_PUY_DUCASSE, 1989, 50, 87
GRAND_PUY_DUCASSE, 1990, 60, 84
GRAND_PUY_DUCASSE, 1992, 31, 86
GRAND_PUY_DUCASSE, 1993, 21, 81
GRAND_PUY_DUCASSE, 1994, 22, 87
GRAND_PUY_DUCASSE, 1995, 27, 87
GRAND_PUY_DUCASSE, 1996, 42, 87
GRAND_PUY_DUCASSE, 1997, 23, 86
GRAND_PUY_DUCASSE, 1998, 36, 87
GRAND_PUY_DUCASSE, 1999, 25, 86
GRAND_PUY_DUCASSE, 2000, 31, 88
GRAND_PUY_DUCASSE, 2001, 37, 87
GRAND_PUY_DUCASSE, 2002, 26, 88
GRAND_PUY_DUCASSE, 2003, 31, 90
GRAND_PUY_DUCASSE, 2004, 29, 90
GRAND_PUY_DUCASSE, 2005, 40, 91
GRAND_PUY_DUCASSE, 2006, 25, 87
GRAND_PUY_DUCASSE, 2007, 26, 87
GRAND_PUY_DUCASSE, 2008, 33, 91
GRAND_PUY_DUCASSE, 2009, 42, 92
GRAND_PUY_DUCASSE, 2010, 42, 92
GRAND_PUY_DUCASSE, 2011, 30, 89
GRAND_PUY_DUCASSE, 2012, 31, 90
GRAND_PUY_LACOSTE, 1989, 72, 89
GRAND_PUY_LACOSTE, 1990, 175, 95
GRAND_PUY_LACOSTE, 1991, 49, 87
GRAND_PUY_LACOSTE, 1992, 40, 86
GRAND_PUY_LACOSTE, 1993, 36, 87
GRAND_PUY_LACOSTE, 1994, 41, 90
GRAND_PUY_LACOSTE, 1995, 96, 95
GRAND_PUY_LACOSTE, 1996, 84, 91
GRAND_PUY_LACOSTE, 1997, 49, 87
GRAND_PUY_LACOSTE, 1998, 48, 92
GRAND_PUY_LACOSTE, 1999, 42, 89
GRAND_PUY_LACOSTE, 2000, 79, 95
GRAND_PUY_LACOSTE, 2001, 42, 88
GRAND_PUY_LACOSTE, 2002, 36, 86
GRAND_PUY_LACOSTE, 2003, 42, 88
GRAND_PUY_LACOSTE, 2004, 40, 89
GRAND_PUY_LACOSTE, 2005, 93, 92
GRAND_PUY_LACOSTE, 2006, 54, 94
GRAND_PUY_LACOSTE, 2007, 37, 90
GRAND_PUY_LACOSTE, 2008, 36, 89
GRAND_PUY_LACOSTE, 2009, 68, 95
GRAND_PUY_LACOSTE, 2010, 84, 95
GRAND_PUY_LACOSTE, 2011, 38, 91
GRAND_PUY_LACOSTE, 2012, 45, 91
GRAND_PUY_LACOSTE, 2014, 50, 93-95
BELGRAVE, 1992, 18, 75
BELGRAVE, 1993, 15, 79
BELGRAVE, 1994, 15, 83
BELGRAVE, 1997, 18, 82
BELGRAVE, 1998, 22, 87
BELGRAVE, 1999, 21, 86
BELGRAVE, 2000, 28, 88
BELGRAVE, 2001, 32, 87
BELGRAVE, 2002, 21, 87
BELGRAVE, 2003, 23, 89
BELGRAVE, 2004, 20, 88
BELGRAVE, 2005, 26, 88
BELGRAVE, 2006, 23, 88
BELGRAVE, 2008, 19, 88
BELGRAVE, 2009, 37, 89
BELGRAVE, 2010, 29, 89
BELGRAVE, 2011, 23, 85
BELGRAVE, 2012, 21, 85
BELGRAVE, 2013, 20, 81
LYNCH_BAGES, 1989, 237, 95
LYNCH_BAGES, 1990, 216, 99
LYNCH_BAGES, 1991, 57, 86
LYNCH_BAGES, 1992, 72, 86
LYNCH_BAGES, 1993, 62, 86
LYNCH_BAGES, 1994, 72, 88
LYNCH_BAGES, 1995, 108, 89
LYNCH_BAGES, 1996, 120, 91
LYNCH_BAGES, 1997, 73, 86
LYNCH_BAGES, 1998, 102, 87
LYNCH_BAGES, 1999, 86, 90
LYNCH_BAGES, 2000, 144, 97
LYNCH_BAGES, 2001, 78, 88
LYNCH_BAGES, 2002, 84, 87
LYNCH_BAGES, 2003, 102, 94
LYNCH_BAGES, 2004, 89, 87
LYNCH_BAGES, 2005, 120, 92
LYNCH_BAGES, 2006, 90, 93
LYNCH_BAGES, 2007, 84, 88
LYNCH_BAGES, 2008, 90, 93
LYNCH_BAGES, 2009, 130, 98
LYNCH_BAGES, 2010, 117, 96
LYNCH_BAGES, 2011, 75, 90
LYNCH_BAGES, 2012, 70, 87
LYNCH_BAGES, 2014, 80, 92-94
CANTEMERLE, 1989, 41, 92
CANTEMERLE, 1990, 37, 87
CANTEMERLE, 1991, 16, 76
CANTEMERLE, 1992, 30, 86
CANTEMERLE, 1993, 20, 87
CANTEMERLE, 1994, 21, 86
CANTEMERLE, 1995, 31, 86
CANTEMERLE, 1996, 31, 87
CANTEMERLE, 1997, 22, 85
CANTEMERLE, 1998, 26, 84
CANTEMERLE, 1999, 25, 79
CANTEMERLE, 2000, 38, 88
CANTEMERLE, 2001, 24, 87
CANTEMERLE, 2002, 20, 81
CANTEMERLE, 2003, 30, 90
CANTEMERLE, 2004, 20, 87
CANTEMERLE, 2005, 41, 89
CANTEMERLE, 2006, 28, 92
CANTEMERLE, 2007, 26, 90
CANTEMERLE, 2008, 26, 88
CANTEMERLE, 2009, 36, 91
CANTEMERLE, 2010, 40, 94
CANTEMERLE, 2011, 26, 91
CANTEMERLE, 2012, 20, 88
YQUEM, 1989, 324, 97
YQUEM, 1990, 336, 99
YQUEM, 1991, 234, 89
YQUEM, 1995, 252, 95
YQUEM, 1996, 288, 95
YQUEM, 1997, 268, 96
YQUEM, 1998, 222, 91
YQUEM, 1999, 205, 92
YQUEM, 2000, 276, 90
YQUEM, 2001, 520, 100
YQUEM, 2002, 204, 93
YQUEM, 2003, 237, 94
YQUEM, 2004, 209, 92
YQUEM, 2005, 348, 96
YQUEM, 2006, 333, 95
YQUEM, 2007, 315, 98
YQUEM, 2008, 225, 96
YQUEM, 2009, 600, 100
YQUEM, 2010, 477, 93
YQUEM, 2011, 304, 94
YQUEM, 2013, 288, 96
CLIMENS, 1989, 93, 90
CLIMENS, 1990, 114, 95
CLIMENS, 1995, 58, 95
CLIMENS, 1996, 57, 89
CLIMENS, 1997, 91, 94
CLIMENS, 1998, 52, 93
CLIMENS, 2000, 63, 91
CLIMENS, 2001, 196, 99
CLIMENS, 2002, 58, 93
CLIMENS, 2003, 64, 90
CLIMENS, 2004, 54, 93
CLIMENS, 2005, 84, 97
CLIMENS, 2006, 88, 94
CLIMENS, 2007, 111, 98
CLIMENS, 2008, 66, 93
CLIMENS, 2009, 96, 97
CLIMENS, 2010, 90, 93
CLIMENS, 2011, 87, 94
CLIMENS, 2012, 51, 91
COUTET, 1989, 62, 90
COUTET, 1990, 66, 88
COUTET, 1996, 41, 87
COUTET, 1997, 35, 90
COUTET, 1998, 43, 92
COUTET, 2000, 29, 87
COUTET, 2001, 48, 93
COUTET, 2002, 26, 89
COUTET, 2003, 46, 89
COUTET, 2005, 35, 92
COUTET, 2006, 29, 93
COUTET, 2007, 36, 94
COUTET, 2008, 29, 92
COUTET, 2009, 58, 95
COUTET, 2010, 56, 95
COUTET, 2011, 52, 93
COUTET, 2012, 38, 87
GUIRAUD, 1989, 48, 86
GUIRAUD, 1990, 66, 89
GUIRAUD, 1992, 32, 81
GUIRAUD, 1994, 36, 82
GUIRAUD, 1995, 39, 87
GUIRAUD, 1996, 36, 88
GUIRAUD, 1997, 39, 92
GUIRAUD, 1998, 35, 90
GUIRAUD, 1999, 31, 90
GUIRAUD, 2000, 38, 86
GUIRAUD, 2001, 49, 92
GUIRAUD, 2002, 34, 91
GUIRAUD, 2003, 47, 89
GUIRAUD, 2004, 41, 90
GUIRAUD, 2005, 41, 92
GUIRAUD, 2006, 27, ?
GUIRAUD, 2007, 41, 94
GUIRAUD, 2008, 43, 93
GUIRAUD, 2009, 41, 96
GUIRAUD, 2010, 37, 93
GUIRAUD, 2011, 41, 92
GUIRAUD, 2012, 42, 91
LAFAURIE_PEYRAGUET, 1989, 54, 93
LAFAURIE_PEYRAGUET, 1990, 58, 92
LAFAURIE_PEYRAGUET, 1996, 31, 90
LAFAURIE_PEYRAGUET, 1997, 41, 91
LAFAURIE_PEYRAGUET, 1998, 31, 86
LAFAURIE_PEYRAGUET, 1999, 30, 90
LAFAURIE_PEYRAGUET, 2000, 29, 87
LAFAURIE_PEYRAGUET, 2001, 48, 92
LAFAURIE_PEYRAGUET, 2002, 34, 90
LAFAURIE_PEYRAGUET, 2003, 38, 93
LAFAURIE_PEYRAGUET, 2004, 29, 89
LAFAURIE_PEYRAGUET, 2005, 37, 91
LAFAURIE_PEYRAGUET, 2006, 30, 92
LAFAURIE_PEYRAGUET, 2007, 41, 93
LAFAURIE_PEYRAGUET, 2008, 27, 89
LAFAURIE_PEYRAGUET, 2009, 46, 93
LAFAURIE_PEYRAGUET, 2010, 34, 90
LAFAURIE_PEYRAGUET, 2011, 31, 93
LAFAURIE_PEYRAGUET, 2012, 35, 90
TOUR_BLANCHE, 1989, 55, 90
TOUR_BLANCHE, 1990, 58, 92
TOUR_BLANCHE, 1996, 48, 89
TOUR_BLANCHE, 1997, 45, 90
TOUR_BLANCHE, 1998, 42, 91
TOUR_BLANCHE, 2001, 55, 96
TOUR_BLANCHE, 2002, 45, 93
TOUR_BLANCHE, 2003, 35, 92
TOUR_BLANCHE, 2004, 34, 90
TOUR_BLANCHE, 2005, 42, 93
TOUR_BLANCHE, 2006, 38, 92
TOUR_BLANCHE, 2007, 48, 91
TOUR_BLANCHE, 2008, 39, 91
TOUR_BLANCHE, 2009, 45, 93
TOUR_BLANCHE, 2010, 54, 93
TOUR_BLANCHE, 2011, 41, 92
TOUR_BLANCHE, 2012, 36, 88
RABAUD_PROMIS, 1989, 47, 92
RABAUD_PROMIS, 1990, 40, 89
RABAUD_PROMIS, 2001, 36, 93
RABAUD_PROMIS, 2003, 27, 91
RABAUD_PROMIS, 2005, 30, 89
RABAUD_PROMIS, 2006, 30, 88
RABAUD_PROMIS, 2007, 36, 94
RABAUD_PROMIS, 2008, 30, 89
RABAUD_PROMIS, 2009, 34, 94
RABAUD_PROMIS, 2010, 36, 90
RABAUD_PROMIS, 2011, 32, 94
RAYNE_VIGNEAU, 1989, 41, 89
RAYNE_VIGNEAU, 1990, 47, 87
RAYNE_VIGNEAU, 1996, 30, 87
RAYNE_VIGNEAU, 1997, 34, 87
RAYNE_VIGNEAU, 1998, 26, 89
RAYNE_VIGNEAU, 2001, 36, 90
RAYNE_VIGNEAU, 2002, 26, 90
RAYNE_VIGNEAU, 2003, 35, 88
RAYNE_VIGNEAU, 2004, 28, 91
RAYNE_VIGNEAU, 2005, 33, 92
RAYNE_VIGNEAU, 2006, 21, 89
RAYNE_VIGNEAU, 2007, 30, 95
RAYNE_VIGNEAU, 2008, 36, 90
RAYNE_VIGNEAU, 2009, 33, 93
RAYNE_VIGNEAU, 2010, 37, 93
RAYNE_VIGNEAU, 2011, 32, 94
RAYNE_VIGNEAU, 2012, 28, 90
RIEUSSEC, 1989, 69, 92
RIEUSSEC, 1990, 61, 90
RIEUSSEC, 1996, 32, 89
RIEUSSEC, 1997, 53, 91
RIEUSSEC, 1998, 43, 92
RIEUSSEC, 2000, 44, 91
RIEUSSEC, 2001, 101, 93
RIEUSSEC, 2002, 40, 90
RIEUSSEC, 2003, 45, 91
RIEUSSEC, 2004, 33, 91
RIEUSSEC, 2005, 47, 96
RIEUSSEC, 2007, 49, 93
RIEUSSEC, 2008, 35, 93
RIEUSSEC, 2009, 62, 97
RIEUSSEC, 2010, 54, 96
RIEUSSEC, 2011, 47, 95
SIGALAS_RABAUD, 1989, 50, 88
SIGALAS_RABAUD, 1990, 46, 91
SIGALAS_RABAUD, 1996, 36, 87
SIGALAS_RABAUD, 1997, 49, 88
SIGALAS_RABAUD, 1998, 30, 91
SIGALAS_RABAUD, 2000, 29, 87
SIGALAS_RABAUD, 2001, 42, 91
SIGALAS_RABAUD, 2002, 30, 88
SIGALAS_RABAUD, 2003, 30, 93
SIGALAS_RABAUD, 2004, 23, 88
SIGALAS_RABAUD, 2005, 36, 93
SIGALAS_RABAUD, 2006, 26, 87
SIGALAS_RABAUD, 2007, 30, 92
SIGALAS_RABAUD, 2008, 31, 91
SIGALAS_RABAUD, 2009, 37, 95
SIGALAS_RABAUD, 2010, 38, 95
SIGALAS_RABAUD, 2011, 30, 91
SIGALAS_RABAUD, 2012, 32, 86
SUDUIRAUT, 1989, 61, 89
SUDUIRAUT, 1990, 66, 88
SUDUIRAUT, 1996, 46, 86
SUDUIRAUT, 1997, 42, 88
SUDUIRAUT, 1998, 41, 89
SUDUIRAUT, 2000, 43, 89
SUDUIRAUT, 2001, 73, 94
SUDUIRAUT, 2002, 41, 91
SUDUIRAUT, 2003, 44, 90
SUDUIRAUT, 2004, 46, 93
SUDUIRAUT, 2005, 38, 93
SUDUIRAUT, 2006, 41, 93
SUDUIRAUT, 2007, 39, 94
SUDUIRAUT, 2008, 45, 94
SUDUIRAUT, 2009, 56, 98
SUDUIRAUT, 2010, 54, 96
SUDUIRAUT, 2011, 51, 93
HAUT_BAGES_LIBERAL, 1989, 38, 84
HAUT_BAGES_LIBERAL, 1990, 37, 87
HAUT_BAGES_LIBERAL, 1992, 19, 76
HAUT_BAGES_LIBERAL, 1993, 24, 85
HAUT_BAGES_LIBERAL, 1994, 21, 86
HAUT_BAGES_LIBERAL, 1995, 32, 85
HAUT_BAGES_LIBERAL, 1996, 36, 87
HAUT_BAGES_LIBERAL, 1997, 24, 87
HAUT_BAGES_LIBERAL, 1998, 33, 83
HAUT_BAGES_LIBERAL, 2000, 50, 89
HAUT_BAGES_LIBERAL, 2003, 33, 87?
HAUT_BAGES_LIBERAL, 2004, 38, 90
HAUT_BAGES_LIBERAL, 2005, 43, 90
HAUT_BAGES_LIBERAL, 2006, 29, 89
HAUT_BAGES_LIBERAL, 2007, 31, 84
HAUT_BAGES_LIBERAL, 2008, 24, 88
HAUT_BAGES_LIBERAL, 2009, 31, 92
HAUT_BAGES_LIBERAL, 2010, 37, 92
HAUT_BAGES_LIBERAL, 2011, 28, 89
HAUT_BAGES_LIBERAL, 2012, 28, 90
HAUT_BAILLY, 1989, 87, 89
HAUT_BAILLY, 1990, 91, 90
HAUT_BAILLY, 1992, 36, 87
HAUT_BAILLY, 1993, 39, 87
HAUT_BAILLY, 1994, 32, 88
HAUT_BAILLY, 1995, 63, 90
HAUT_BAILLY, 1996, 48, 92
HAUT_BAILLY, 1997, 43, 86
HAUT_BAILLY, 1998, 65, 91
HAUT_BAILLY, 1999, 48, 88
HAUT_BAILLY, 2000, 85, 91
HAUT_BAILLY, 2001, 53, 90
HAUT_BAILLY, 2002, 52, 90
HAUT_BAILLY, 2003, 60, 91
HAUT_BAILLY, 2004, 52, 93
HAUT_BAILLY, 2005, 103, 95
HAUT_BAILLY, 2006, 70, 93
HAUT_BAILLY, 2007, 48, 90
HAUT_BAILLY, 2008, 74, 96
HAUT_BAILLY, 2009, 155, 100
HAUT_BAILLY, 2010, 115, 98
HAUT_BAILLY, 2011, 59, 94
HAUT_BAILLY, 2012, 59, 96
MALARTIC_LAGRAVIERE, 1989, 38, 82
MALARTIC_LAGRAVIERE, 1990, 43, 73
MALARTIC_LAGRAVIERE, 1991, 20, 72
MALARTIC_LAGRAVIERE, 1992, 18, 71
MALARTIC_LAGRAVIERE, 1993, 17, 77
MALARTIC_LAGRAVIERE, 1994, 25, 74
MALARTIC_LAGRAVIERE, 1995, 28, 76
MALARTIC_LAGRAVIERE, 1996, 24, 76
MALARTIC_LAGRAVIERE, 1997, 28, 88
MALARTIC_LAGRAVIERE, 1998, 36, 89
MALARTIC_LAGRAVIERE, 1999, 31, 90
MALARTIC_LAGRAVIERE, 2000, 46, 90
MALARTIC_LAGRAVIERE, 2001, 39, 90
MALARTIC_LAGRAVIERE, 2002, 36, 90
MALARTIC_LAGRAVIERE, 2003, 35, 89
MALARTIC_LAGRAVIERE, 2004, 35, 89
MALARTIC_LAGRAVIERE, 2005, 60, 95
MALARTIC_LAGRAVIERE, 2006, 42, 90
MALARTIC_LAGRAVIERE, 2007, 31, 90
MALARTIC_LAGRAVIERE, 2008, 34, 91
MALARTIC_LAGRAVIERE, 2009, 57, 92
MALARTIC_LAGRAVIERE, 2010, 50, 94
MALARTIC_LAGRAVIERE, 2011, 32, 91
MALARTIC_LAGRAVIERE, 2012, 22, 94
PAVIE_MACQUIN, 1989, 65, 90
PAVIE_MACQUIN, 1990, 58, 91
PAVIE_MACQUIN, 1992, 53, 84
PAVIE_MACQUIN, 1993, 35, 89
PAVIE_MACQUIN, 1994, 47, 88
PAVIE_MACQUIN, 1995, 57, 89
PAVIE_MACQUIN, 1996, 50, 89
PAVIE_MACQUIN, 1997, 46, 90
PAVIE_MACQUIN, 1998, 96, 95
PAVIE_MACQUIN, 1999, 58, 90
PAVIE_MACQUIN, 2000, 86, 95
PAVIE_MACQUIN, 2001, 58, 89
PAVIE_MACQUIN, 2002, 49, 89
PAVIE_MACQUIN, 2003, 85, 94
PAVIE_MACQUIN, 2004, 60, 93
PAVIE_MACQUIN, 2005, 118, 96
PAVIE_MACQUIN, 2006, 64, 93
PAVIE_MACQUIN, 2007, 48, 91
PAVIE_MACQUIN, 2008, 79, 94
PAVIE_MACQUIN, 2009, 76, 92
PAVIE_MACQUIN, 2010, 94, 95
PAVIE_MACQUIN, 2011, 52, 92
PAVIE_MACQUIN, 2012, 44, 93
PAVILLON_ROUGE, 1989, 96, 85
PAVILLON_ROUGE, 1990, 110, 86
PAVILLON_ROUGE, 1995, 94, 89
PAVILLON_ROUGE, 1997, 102, 86
PAVILLON_ROUGE, 1999, 102, 87
PAVILLON_ROUGE, 2000, 138, 89
PAVILLON_ROUGE, 2001, 108, 87
PAVILLON_ROUGE, 2002, 102, 87
PAVILLON_ROUGE, 2003, 114, 90
PAVILLON_ROUGE, 2004, 108, 89
PAVILLON_ROUGE, 2005, 120, 88
PAVILLON_ROUGE, 2006, 96, 86
PAVILLON_ROUGE, 2007, 106, 88
PAVILLON_ROUGE, 2008, 127, 88
PAVILLON_ROUGE, 2009, 120, 93
PAVILLON_ROUGE, 2010, 130, 94
PAVILLON_ROUGE, 2011, 109, 89
PAVILLON_ROUGE, 2012, 93, 90
POUJEAUX, 1989, 37, 86
POUJEAUX, 1990, 35, 86
POUJEAUX, 1991, 21, 83
POUJEAUX, 1992, 22, 73
POUJEAUX, 1993, 23, 84
POUJEAUX, 1994, 22, 86
POUJEAUX, 1995, 24, 87
POUJEAUX, 1996, 36, 86
POUJEAUX, 1997, 24, 89
POUJEAUX, 1998, 24, 88
POUJEAUX, 1999, 26, 88
POUJEAUX, 2000, 32, 88
POUJEAUX, 2001, 27, 89
POUJEAUX, 2002, 24, 87
POUJEAUX, 2003, 22, 88
POUJEAUX, 2004, 21, 90
POUJEAUX, 2005, 35, 89
POUJEAUX, 2006, 26, 91
POUJEAUX, 2008, 26, 90
POUJEAUX, 2009, 35, 92
POUJEAUX, 2010, 24, 90
POUJEAUX, 2011, 20, 86
POUJEAUX, 2012, 19, 89
CANTENAC_BROWN, 1989, 38, 85
CANTENAC_BROWN, 1990, 53, 88
CANTENAC_BROWN, 1991, 64, 74
CANTENAC_BROWN, 1992, 30, 78
CANTENAC_BROWN, 1993, 26, 74
CANTENAC_BROWN, 1994, 25, 79
CANTENAC_BROWN, 1995, 41, 78
CANTENAC_BROWN, 1996, 37, 86
CANTENAC_BROWN, 1997, 31, 83
CANTENAC_BROWN, 1998, 38, 88
CANTENAC_BROWN, 1999, 48, 89
CANTENAC_BROWN, 2000, 48, 90
CANTENAC_BROWN, 2001, 36, 88
CANTENAC_BROWN, 2002, 24, 86
CANTENAC_BROWN, 2003, 32, 87
CANTENAC_BROWN, 2004, 37, 86?
CANTENAC_BROWN, 2005, 45, 87?
CANTENAC_BROWN, 2006, 40, 88
CANTENAC_BROWN, 2007, 29, 86
CANTENAC_BROWN, 2008, 33, 90
CANTENAC_BROWN, 2009, 50, 90
CANTENAC_BROWN, 2010, 48, 94
CANTENAC_BROWN, 2011, 31, 87
CANTENAC_BROWN, 2012, 35, 88
CHASSE_SPLEEN, 1989, 56, 91
CHASSE_SPLEEN, 1990, 48, 88
CHASSE_SPLEEN, 1991, 30, 80
CHASSE_SPLEEN, 1992, 17, 85
CHASSE_SPLEEN, 1993, 25, 86
CHASSE_SPLEEN, 1994, 29, 84
CHASSE_SPLEEN, 1995, 34, 86
CHASSE_SPLEEN, 1996, 35, 86
CHASSE_SPLEEN, 1997, 25, 84
CHASSE_SPLEEN, 1999, 32, 82
CHASSE_SPLEEN, 2000, 48, 88
CHASSE_SPLEEN, 2001, 36, 88
CHASSE_SPLEEN, 2003, 36, 90
CHASSE_SPLEEN, 2004, 30, 88
CHASSE_SPLEEN, 2005, 45, 89
CHASSE_SPLEEN, 2008, 33, 87
CHASSE_SPLEEN, 2009, 41, 90
CHASSE_SPLEEN, 2010, 39, 90
CHASSE_SPLEEN, 2011, 29, 78
CHASSE_SPLEEN, 2012, 27, 88
CHASSE_SPLEEN, 2013, 28, 84
CHEVALIER_ROUGE, 1989, 73, 89
CHEVALIER_ROUGE, 1990, 84, 94
CHEVALIER_ROUGE, 1991, 37, 87
CHEVALIER_ROUGE, 1992, 28, 85
CHEVALIER_ROUGE, 1993, 39, 76
CHEVALIER_ROUGE, 1994, 28, 77
CHEVALIER_ROUGE, 1995, 48, 80
CHEVALIER_ROUGE, 1996, 45, 90
CHEVALIER_ROUGE, 1997, 30, 85
CHEVALIER_ROUGE, 1998, 54, 87
CHEVALIER_ROUGE, 1999, 36, 88
CHEVALIER_ROUGE, 2000, 72, 93
CHEVALIER_ROUGE, 2001, 59, 90
CHEVALIER_ROUGE, 2002, 46, 88
CHEVALIER_ROUGE, 2003, 48, 88
CHEVALIER_ROUGE, 2004, 48, 90
CHEVALIER_ROUGE, 2005, 71, 95
CHEVALIER_ROUGE, 2006, 48, 90
CHEVALIER_ROUGE, 2007, 42, 91
CHEVALIER_ROUGE, 2008, 48, 93
CHEVALIER_ROUGE, 2009, 68, 95
CHEVALIER_ROUGE, 2010, 66, 95
CHEVALIER_ROUGE, 2011, 37, 94
CHEVALIER_ROUGE, 2012, 37, 92
CHEVALIER_ROUGE, 2013, 36, 90
CHEVALIER_BLANC, 1990, 65, 86
CHEVALIER_BLANC, 1991, 57, 89
CHEVALIER_BLANC, 1992, 51, 93
CHEVALIER_BLANC, 1993, 39, 89
CHEVALIER_BLANC, 1994, 59, 91
CHEVALIER_BLANC, 1995, 60, 85
CHEVALIER_BLANC, 1996, 44, 78
CHEVALIER_BLANC, 1997, 48, 84
CHEVALIER_BLANC, 1998, 49, 85
CHEVALIER_BLANC, 1999, 29, 87
CHEVALIER_BLANC, 2000, 50, 90
CHEVALIER_BLANC, 2001, 64, 95
CHEVALIER_BLANC, 2002, 54, 89
CHEVALIER_BLANC, 2003, 58, 91
CHEVALIER_BLANC, 2004, 66, 95
CHEVALIER_BLANC, 2005, 66, 95
CHEVALIER_BLANC, 2006, 57, 94
CHEVALIER_BLANC, 2007, 72, 93
CHEVALIER_BLANC, 2008, 61, 92
CHEVALIER_BLANC, 2009, 78, 95
CHEVALIER_BLANC, 2010, 76, 94
CHEVALIER_BLANC, 2011, 68, 91
CHEVALIER_BLANC, 2012, 56, 91
DE_FARGUES, 1989, 102, 92
DE_FARGUES, 1990, 144, 96
DE_FARGUES, 1997, 86, 93
DE_FARGUES, 1999, 78, 92
DE_FARGUES, 2001, 116, 93
DE_FARGUES, 2002, 61, 92
DE_FARGUES, 2003, 84, 88
DE_FARGUES, 2004, 77, 95
DE_FARGUES, 2005, 132, 95
DE_FARGUES, 2006, 75, 93
DE_FARGUES, 2007, 87, 97
DE_FARGUES, 2008, 97, 95
DE_FARGUES, 2009, 137, 96
DE_FARGUES, 2010, 75, 95
DE_FARGUES, 2011, 69, 93
DOISY_DAENE, 1989, 46, 89
DOISY_DAENE, 1990, 44, 91
DOISY_DAENE, 1996, 31, 86
DOISY_DAENE, 1997, 32, 89
DOISY_DAENE, 2000, 28, 88
DOISY_DAENE, 2001, 54, 94
DOISY_DAENE, 2002, 32, 88
DOISY_DAENE, 2003, 34, 91
DOISY_DAENE, 2004, 29, 88
DOISY_DAENE, 2005, 36, 91
DOISY_DAENE, 2006, 34, 93
DOISY_DAENE, 2007, 33, 95
DOISY_DAENE, 2008, 30, 90
DOISY_DAENE, 2009, 44, 94
DOISY_DAENE, 2010, 37, 92-94
DOISY_DAENE, 2011, 36, 95
DOISY_DAENE, 2012, 30, 90-92
DE_FIEUZAL, 1989, 40, 87
DE_FIEUZAL, 1990, 47, 88
DE_FIEUZAL, 1991, 27, 82
DE_FIEUZAL, 1992, 22, 86
DE_FIEUZAL, 1993, 19, 87
DE_FIEUZAL, 1994, 22, 89
DE_FIEUZAL, 1995, 40, 90
DE_FIEUZAL, 1996, 33, 88
DE_FIEUZAL, 1997, 25, 80
DE_FIEUZAL, 1998, 31, 86
DE_FIEUZAL, 1999, 30, 87
DE_FIEUZAL, 2000, 38, 90
DE_FIEUZAL, 2001, 52, 89
DE_FIEUZAL, 2002, 28, 87
DE_FIEUZAL, 2003, 27, 76
DE_FIEUZAL, 2004, 26, 89
DE_FIEUZAL, 2005, 46, 94
DE_FIEUZAL, 2006, 38, 86
DE_FIEUZAL, 2007, 34, 87
DE_FIEUZAL, 2008, 30, 92
DE_FIEUZAL, 2009, 39, 92
DE_FIEUZAL, 2010, 40, 90
DE_FIEUZAL, 2011, 27, 88
DE_FIEUZAL, 2012, 25, 89?
DE_FIEUZAL, 2013, 19, 87
FERRIERE, 1992, 32, 74
FERRIERE, 1995, 30, 87
FERRIERE, 1996, 32, 86
FERRIERE, 1997, 23, 84
FERRIERE, 1998, 27, 86
FERRIERE, 2000, 23, 88
FERRIERE, 2008, 29, 83
FERRIERE, 2010, 32, 86
FERRIERE, 2012, 24, 85
GLORIA, 1989, 36, 86
GLORIA, 1990, 55, 84
GLORIA, 1994, 21, 87
GLORIA, 1995, 38, 88
GLORIA, 1996, 40, 87
GLORIA, 1997, 21, 87
GLORIA, 1998, 29, 85
GLORIA, 2000, 52, 90
GLORIA, 2001, 34, 88
GLORIA, 2002, 28, 89
GLORIA, 2003, 40, 91
GLORIA, 2004, 26, 89
GLORIA, 2005, 60, 90
GLORIA, 2006, 30, 87
GLORIA, 2007, 30, 88
GLORIA, 2008, 33, 90
GLORIA, 2009, 51, 93
GLORIA, 2010, 42, 93
GLORIA, 2011, 26, 88
GLORIA, 2012, 24, 88
LA_FLEUR_PETRUS, 1989, 172, 91
LA_FLEUR_PETRUS, 1990, 150, 88
LA_FLEUR_PETRUS, 1992, 117, 87
LA_FLEUR_PETRUS, 1993, 93, 87
LA_FLEUR_PETRUS, 1994, 126, 89
LA_FLEUR_PETRUS, 1995, 155, 93
LA_FLEUR_PETRUS, 1996, 151, 89
LA_FLEUR_PETRUS, 1997, 128, 89
LA_FLEUR_PETRUS, 1998, 194, 92
LA_FLEUR_PETRUS, 1999, 154, 89
LA_FLEUR_PETRUS, 2000, 190, 93
LA_FLEUR_PETRUS, 2001, 126, 90
LA_FLEUR_PETRUS, 2002, 121, 88
LA_FLEUR_PETRUS, 2003, 119, 89
LA_FLEUR_PETRUS, 2004, 131, 90
LA_FLEUR_PETRUS, 2005, 192, 92
LA_FLEUR_PETRUS, 2006, 168, 93
LA_FLEUR_PETRUS, 2007, 150, 90
LA_FLEUR_PETRUS, 2008, 151, 95
LA_FLEUR_PETRUS, 2009, 227, 97
LA_FLEUR_PETRUS, 2010, 272, 97
LA_FLEUR_PETRUS, 2011, 116, 91
LA_FLEUR_PETRUS, 2012, 124, 96
LA_FLEUR_PETRUS, 2013, 135, 91
LARCIS_DUCASSE, 1989, 49, 86
LARCIS_DUCASSE, 1990, 47, 90
LARCIS_DUCASSE, 1991, 28, 76
LARCIS_DUCASSE, 1992, 16, 76
LARCIS_DUCASSE, 1993, 20, 85
LARCIS_DUCASSE, 1994, 25, 87
LARCIS_DUCASSE, 1995, 40, 87
LARCIS_DUCASSE, 1996, 24, 81
LARCIS_DUCASSE, 1997, 21, 84
LARCIS_DUCASSE, 1998, 34, 86
LARCIS_DUCASSE, 1999, 30, 82
LARCIS_DUCASSE, 2000, 43, 87
LARCIS_DUCASSE, 2001, 23, 86
LARCIS_DUCASSE, 2002, 26, 90
LARCIS_DUCASSE, 2003, 27, 91
LARCIS_DUCASSE, 2004, 28, 91
LARCIS_DUCASSE, 2005, 133, 100
LARCIS_DUCASSE, 2006, 58, 92
LARCIS_DUCASSE, 2007, 33, 92
LARCIS_DUCASSE, 2008, 63, 93
LARCIS_DUCASSE, 2009, 85, 96
LARCIS_DUCASSE, 2010, 71, 98
LARCIS_DUCASSE, 2011, 40, 90
LARCIS_DUCASSE, 2012, 42, 95
MARQUIS_DU_TERME, 1989, 40, 89
MARQUIS_DU_TERME, 1990, 43, 87
MARQUIS_DU_TERME, 1991, 34, 74
MARQUIS_DU_TERME, 1992, 21, 76
MARQUIS_DU_TERME, 1993, 27, 81
MARQUIS_DU_TERME, 1994, 20, 83
MARQUIS_DU_TERME, 1995, 29, 87
MARQUIS_DU_TERME, 1996, 31, 89
MARQUIS_DU_TERME, 1997, 32, 79
MARQUIS_DU_TERME, 1998, 43, 82
MARQUIS_DU_TERME, 1999, 27, 81
MARQUIS_DU_TERME, 2000, 37, 87
MARQUIS_DU_TERME, 2001, 31, 86
MARQUIS_DU_TERME, 2002, 22, 83
MARQUIS_DU_TERME, 2003, 24, 87
MARQUIS_DU_TERME, 2004, 24, 88
MARQUIS_DU_TERME, 2005, 32, 88
MARQUIS_DU_TERME, 2006, 23, 82
MARQUIS_DU_TERME, 2007, 20, 73
MARQUIS_DU_TERME, 2008, 26, 86
MARQUIS_DU_TERME, 2009, 37, 89
MARQUIS_DU_TERME, 2011, 29, 87
MARQUIS_DU_TERME, 2012, 28, 87
MARQUIS_DU_TERME, 2013, 22, 88
PETIT_VILLAGE, 1989, 48, 88
PETIT_VILLAGE, 1990, 66, 90
PETIT_VILLAGE, 1991, 36, 74
PETIT_VILLAGE, 1992, 34, 79
PETIT_VILLAGE, 1993, 30, 78
PETIT_VILLAGE, 1994, 27, 81
PETIT_VILLAGE, 1995, 40, 86
PETIT_VILLAGE, 1996, 37, 86
PETIT_VILLAGE, 1997, 39, 81
PETIT_VILLAGE, 1998, 59, 89
PETIT_VILLAGE, 1999, 46, 88
PETIT_VILLAGE, 2000, 72, 88
PETIT_VILLAGE, 2001, 46, 88
PETIT_VILLAGE, 2002, 25, 86
PETIT_VILLAGE, 2003, 43, 86
PETIT_VILLAGE, 2004, 36, 87
PETIT_VILLAGE, 2005, 48, 89
PETIT_VILLAGE, 2006, 42, 86
PETIT_VILLAGE, 2007, 38, 80
PETIT_VILLAGE, 2008, 42, 88
PETIT_VILLAGE, 2009, 66, 91
PETIT_VILLAGE, 2010, 51, 91
PETIT_VILLAGE, 2011, 47, 89
PETIT_VILLAGE, 2012, 44, 88
PRIEURE_LICHINE, 1989, 44, 88
PRIEURE_LICHINE, 1990, 42, 88
PRIEURE_LICHINE, 1991, 34, 84
PRIEURE_LICHINE, 1992, 34, 87
PRIEURE_LICHINE, 1993, 25, 83
PRIEURE_LICHINE, 1994, 26, 85
PRIEURE_LICHINE, 1995, 43, 84
PRIEURE_LICHINE, 1996, 37, 86
PRIEURE_LICHINE, 1997, 23, 79
PRIEURE_LICHINE, 1998, 34, 87
PRIEURE_LICHINE, 1999, 40, 85
PRIEURE_LICHINE, 2000, 54, 90
PRIEURE_LICHINE, 2001, 32, 89
PRIEURE_LICHINE, 2002, 36, 89
PRIEURE_LICHINE, 2003, 38, 90
PRIEURE_LICHINE, 2004, 36, 90
PRIEURE_LICHINE, 2005, 48, 90
PRIEURE_LICHINE, 2006, 34, 90
PRIEURE_LICHINE, 2007, 30, 88
PRIEURE_LICHINE, 2008, 34, 90
PRIEURE_LICHINE, 2009, 37, 93
PRIEURE_LICHINE, 2010, 53, 92
PRIEURE_LICHINE, 2011, 36, 90
PRIEURE_LICHINE, 2012, 29, 91
PRIEURE_LICHINE, 2013, 25, 85
SAINT_PIERRE, 1989, 42, 89
SAINT_PIERRE, 1990, 53, 90
SAINT_PIERRE, 1994, 28, 89
SAINT_PIERRE, 1995, 41, 88
SAINT_PIERRE, 1996, 47, 86
SAINT_PIERRE, 1997, 27, 88
SAINT_PIERRE, 1998, 36, 87
SAINT_PIERRE, 1999, 34, 87
SAINT_PIERRE, 2000, 53, 89
SAINT_PIERRE, 2001, 35, 89
SAINT_PIERRE, 2002, 35, 89
SAINT_PIERRE, 2003, 44, 92
SAINT_PIERRE, 2004, 35, 92
SAINT_PIERRE, 2005, 75, 94
SAINT_PIERRE, 2006, 43, 90
SAINT_PIERRE, 2007, 26, 91
SAINT_PIERRE, 2008, 42, 93
SAINT_PIERRE, 2009, 70, 98
SAINT_PIERRE, 2010, 66, 97
SAINT_PIERRE, 2011, 38, 87
SAINT_PIERRE, 2012, 35, 91
SMITH_HAUT_LAFITTE, 1989, 45, 81
SMITH_HAUT_LAFITTE, 1990, 47, 86
SMITH_HAUT_LAFITTE, 1991, 50, 85
SMITH_HAUT_LAFITTE, 1992, 32, 86
SMITH_HAUT_LAFITTE, 1993, 38, 87
SMITH_HAUT_LAFITTE, 1994, 42, 88
SMITH_HAUT_LAFITTE, 1995, 71, 90
SMITH_HAUT_LAFITTE, 1996, 50, 90
SMITH_HAUT_LAFITTE, 1997, 40, 87
SMITH_HAUT_LAFITTE, 1998, 63, 90
SMITH_HAUT_LAFITTE, 1999, 49, 90
SMITH_HAUT_LAFITTE, 2000, 96, 95
SMITH_HAUT_LAFITTE, 2001, 72, 92
SMITH_HAUT_LAFITTE, 2002, 59, 90
SMITH_HAUT_LAFITTE, 2003, 54, 91
SMITH_HAUT_LAFITTE, 2004, 60, 93
SMITH_HAUT_LAFITTE, 2005, 121, 98
SMITH_HAUT_LAFITTE, 2006, 84, 93
SMITH_HAUT_LAFITTE, 2007, 57, 91
SMITH_HAUT_LAFITTE, 2008, 56, 92
SMITH_HAUT_LAFITTE, 2009, 177, 100
SMITH_HAUT_LAFITTE, 2010, 140, 98
SMITH_HAUT_LAFITTE, 2011, 60, 94
SMITH_HAUT_LAFITTE, 2012, 72, 95
SMITH_HAUT_LAFITTE, 2013, 55, 90
SOUTARD, 1989, 41, 90
SOUTARD, 1990, 39, 88
SOUTARD, 1992, 18, 77
SOUTARD, 1993, 20, 87
SOUTARD, 1994, 18, 88
SOUTARD, 2000, 33, 87
SOUTARD, 2001, 27, 85-86
SOUTARD, 2005, 36, 86
SOUTARD, 2006, 23, 84
SOUTARD, 2007, 25, 87
SOUTARD, 2008, 26, 89
SOUTARD, 2009, 37, 91
SOUTARD, 2010, 36, 90
SOUTARD, 2011, 31, 88
SOUTARD, 2012, 28, 91
LA_TOUR_CARNET, 1994, 19, 77
LA_TOUR_CARNET, 1995, 21, 80
LA_TOUR_CARNET, 1996, 27, 85
LA_TOUR_CARNET, 1997, 28, 78
LA_TOUR_CARNET, 1998, 25, 84
LA_TOUR_CARNET, 1999, 19, 86
LA_TOUR_CARNET, 2000, 39, 89
LA_TOUR_CARNET, 2001, 33, 91
LA_TOUR_CARNET, 2002, 26, 89
LA_TOUR_CARNET, 2003, 27, 90
LA_TOUR_CARNET, 2004, 24, 90
LA_TOUR_CARNET, 2005, 41, 90
LA_TOUR_CARNET, 2006, 31, 91
LA_TOUR_CARNET, 2007, 28, 89
LA_TOUR_CARNET, 2008, 25, 91
LA_TOUR_CARNET, 2009, 39, 92
LA_TOUR_CARNET, 2010, 33, 93
LA_TOUR_CARNET, 2011, 24, 90
LA_TOUR_CARNET, 2012, 36, 90
LA_TOUR_CARNET, 2013, 20, 87
TOUR_HAUT_BRION, 1989, 78, 88
TOUR_HAUT_BRION, 1990, 77, 85
TOUR_HAUT_BRION, 1991, 34, 85
TOUR_HAUT_BRION, 1992, 41, 87
TOUR_HAUT_BRION, 1993, 37, 88
TOUR_HAUT_BRION, 1994, 41, 89
TOUR_HAUT_BRION, 1995, 55, 89
TOUR_HAUT_BRION, 1996, 45, 87
TOUR_HAUT_BRION, 1997, 54, 86
TOUR_HAUT_BRION, 1998, 34, 89
TOUR_HAUT_BRION, 1999, 48, 90
TOUR_HAUT_BRION, 2000, 58, 92
TOUR_HAUT_BRION, 2001, 45, 89
TOUR_HAUT_BRION, 2002, 54, 88
TOUR_HAUT_BRION, 2003, 44, 86
TOUR_HAUT_BRION, 2004, 48, 88
TOUR_HAUT_BRION, 2005, 60, 89
TROTANOY, 1989, 132, 90
TROTANOY, 1990, 182, 89
TROTANOY, 1992, 63, 88
TROTANOY, 1993, 78, 90
TROTANOY, 1994, 92, 89
TROTANOY, 1995, 168, 93
TROTANOY, 1996, 101, 89
TROTANOY, 1997, 106, 89
TROTANOY, 1998, 240, 96
TROTANOY, 1999, 74, 89
TROTANOY, 2000, 188, 94
TROTANOY, 2001, 119, 90
TROTANOY, 2002, 97, 89
TROTANOY, 2003, 114, 92
TROTANOY, 2004, 96, 89
TROTANOY, 2005, 187, 98
TROTANOY, 2006, 113, 93
TROTANOY, 2007, 108, 89
TROTANOY, 2008, 144, 96
TROTANOY, 2009, 290, 98
TROTANOY, 2010, 240, 98
TROTANOY, 2011, 158, 92
TROTANOY, 2012, 204, 96
GAZIN, 1989, 96, 90
GAZIN, 1990, 84, 89
GAZIN, 1992, 37, 89
GAZIN, 1993, 48, 89
GAZIN, 1994, 46, 90
GAZIN, 1995, 64, 90
GAZIN, 1996, 60, 89
GAZIN, 1997, 40, 87
GAZIN, 1998, 71, 90
GAZIN, 1999, 38, 89
GAZIN, 2000, 72, 92
GAZIN, 2001, 72, 94
GAZIN, 2002, 44, 87
GAZIN, 2003, 46, 87
GAZIN, 2004, 55, 90
GAZIN, 2005, 89, 96
GAZIN, 2006, 59, 92
GAZIN, 2007, 48, 89
GAZIN, 2008, 72, 94
GAZIN, 2009, 78, 96
GAZIN, 2010, 68, 96
GAZIN, 2011, 51, 93
GAZIN, 2012, 54, 95
